﻿<?xml version="1.0"?>
<doc>
<assembly>
<name>
The Gasp
</name>
</assembly>
<members>
<member name="T:The_Gasp.My.Resources.Resources">
<summary>
  Une classe de ressource fortement typée destinée, entre autres, à la consultation des chaînes localisées.
</summary>
</member>
<member name="P:The_Gasp.My.Resources.Resources.ResourceManager">
<summary>
  Retourne l'instance ResourceManager mise en cache utilisée par cette classe.
</summary>
</member>
<member name="P:The_Gasp.My.Resources.Resources.Culture">
<summary>
  Remplace la propriété CurrentUICulture du thread actuel pour toutes
  les recherches de ressources à l'aide de cette classe de ressource fortement typée.
</summary>
</member>
<member name="T:The_Gasp.My.Resources.Resource1">
<summary>
  Une classe de ressource fortement typée destinée, entre autres, à la consultation des chaînes localisées.
</summary>
</member>
<member name="P:The_Gasp.My.Resources.Resource1.ResourceManager">
<summary>
  Retourne l'instance ResourceManager mise en cache utilisée par cette classe.
</summary>
</member>
<member name="P:The_Gasp.My.Resources.Resource1.Culture">
<summary>
  Remplace la propriété CurrentUICulture du thread actuel pour toutes
  les recherches de ressources à l'aide de cette classe de ressource fortement typée.
</summary>
</member>
<member name="P:The_Gasp.My.Resources.Resource1.apropos">
<summary>
  Recherche une ressource localisée de type System.Drawing.Bitmap.
</summary>
</member>
<member name="P:The_Gasp.My.Resources.Resource1.back_atlas">
<summary>
  Recherche une ressource localisée de type System.Drawing.Bitmap.
</summary>
</member>
<member name="P:The_Gasp.My.Resources.Resource1.back_railways">
<summary>
  Recherche une ressource localisée de type System.Drawing.Bitmap.
</summary>
</member>
<member name="P:The_Gasp.My.Resources.Resource1.bateau_vintage">
<summary>
  Recherche une ressource localisée de type System.Drawing.Bitmap.
</summary>
</member>
<member name="P:The_Gasp.My.Resources.Resource1.carte">
<summary>
  Recherche une ressource localisée de type System.Drawing.Bitmap.
</summary>
</member>
<member name="P:The_Gasp.My.Resources.Resource1.carte01">
<summary>
  Recherche une ressource localisée de type System.Drawing.Bitmap.
</summary>
</member>
<member name="P:The_Gasp.My.Resources.Resource1.carte02">
<summary>
  Recherche une ressource localisée de type System.Drawing.Bitmap.
</summary>
</member>
<member name="P:The_Gasp.My.Resources.Resource1.carte03">
<summary>
  Recherche une ressource localisée de type System.Drawing.Bitmap.
</summary>
</member>
<member name="P:The_Gasp.My.Resources.Resource1.carte04">
<summary>
  Recherche une ressource localisée de type System.Drawing.Bitmap.
</summary>
</member>
<member name="P:The_Gasp.My.Resources.Resource1.carte05">
<summary>
  Recherche une ressource localisée de type System.Drawing.Bitmap.
</summary>
</member>
<member name="P:The_Gasp.My.Resources.Resource1.carte06">
<summary>
  Recherche une ressource localisée de type System.Drawing.Bitmap.
</summary>
</member>
<member name="P:The_Gasp.My.Resources.Resource1.carte07">
<summary>
  Recherche une ressource localisée de type System.Drawing.Bitmap.
</summary>
</member>
<member name="P:The_Gasp.My.Resources.Resource1.carte08">
<summary>
  Recherche une ressource localisée de type System.Drawing.Bitmap.
</summary>
</member>
<member name="P:The_Gasp.My.Resources.Resource1.carte09">
<summary>
  Recherche une ressource localisée de type System.Drawing.Bitmap.
</summary>
</member>
<member name="P:The_Gasp.My.Resources.Resource1.carte10">
<summary>
  Recherche une ressource localisée de type System.Drawing.Bitmap.
</summary>
</member>
<member name="P:The_Gasp.My.Resources.Resource1.carte11">
<summary>
  Recherche une ressource localisée de type System.Drawing.Bitmap.
</summary>
</member>
<member name="P:The_Gasp.My.Resources.Resource1.carte12">
<summary>
  Recherche une ressource localisée de type System.Drawing.Bitmap.
</summary>
</member>
<member name="P:The_Gasp.My.Resources.Resource1.carte13">
<summary>
  Recherche une ressource localisée de type System.Drawing.Bitmap.
</summary>
</member>
<member name="P:The_Gasp.My.Resources.Resource1.carte14">
<summary>
  Recherche une ressource localisée de type System.Drawing.Bitmap.
</summary>
</member>
<member name="P:The_Gasp.My.Resources.Resource1.carte15">
<summary>
  Recherche une ressource localisée de type System.Drawing.Bitmap.
</summary>
</member>
<member name="P:The_Gasp.My.Resources.Resource1.carte16">
<summary>
  Recherche une ressource localisée de type System.Drawing.Bitmap.
</summary>
</member>
<member name="P:The_Gasp.My.Resources.Resource1.carte17">
<summary>
  Recherche une ressource localisée de type System.Drawing.Bitmap.
</summary>
</member>
<member name="P:The_Gasp.My.Resources.Resource1.carte18">
<summary>
  Recherche une ressource localisée de type System.Drawing.Bitmap.
</summary>
</member>
<member name="P:The_Gasp.My.Resources.Resource1.carte19">
<summary>
  Recherche une ressource localisée de type System.Drawing.Bitmap.
</summary>
</member>
<member name="P:The_Gasp.My.Resources.Resource1.carte20">
<summary>
  Recherche une ressource localisée de type System.Drawing.Bitmap.
</summary>
</member>
<member name="P:The_Gasp.My.Resources.Resource1.carte21">
<summary>
  Recherche une ressource localisée de type System.Drawing.Bitmap.
</summary>
</member>
<member name="P:The_Gasp.My.Resources.Resource1.carte22">
<summary>
  Recherche une ressource localisée de type System.Drawing.Bitmap.
</summary>
</member>
<member name="P:The_Gasp.My.Resources.Resource1.carte23">
<summary>
  Recherche une ressource localisée de type System.Drawing.Bitmap.
</summary>
</member>
<member name="P:The_Gasp.My.Resources.Resource1.carte24">
<summary>
  Recherche une ressource localisée de type System.Drawing.Bitmap.
</summary>
</member>
<member name="P:The_Gasp.My.Resources.Resource1.carte25">
<summary>
  Recherche une ressource localisée de type System.Drawing.Bitmap.
</summary>
</member>
<member name="P:The_Gasp.My.Resources.Resource1.dos_disco_o">
<summary>
  Recherche une ressource localisée de type System.Drawing.Bitmap.
</summary>
</member>
<member name="P:The_Gasp.My.Resources.Resource1.eau">
<summary>
  Recherche une ressource localisée de type System.Drawing.Bitmap.
</summary>
</member>
<member name="P:The_Gasp.My.Resources.Resource1.fond">
<summary>
  Recherche une ressource localisée de type System.Drawing.Bitmap.
</summary>
</member>
<member name="P:The_Gasp.My.Resources.Resource1.galets">
<summary>
  Recherche une ressource localisée de type System.Drawing.Bitmap.
</summary>
</member>
<member name="P:The_Gasp.My.Resources.Resource1.herbe">
<summary>
  Recherche une ressource localisée de type System.Drawing.Bitmap.
</summary>
</member>
<member name="P:The_Gasp.My.Resources.Resource1.nuages">
<summary>
  Recherche une ressource localisée de type System.Drawing.Bitmap.
</summary>
</member>
<member name="P:The_Gasp.My.Resources.Resource1.old">
<summary>
  Recherche une ressource localisée de type System.Drawing.Bitmap.
</summary>
</member>
<member name="P:The_Gasp.My.Resources.Resource1.red">
<summary>
  Recherche une ressource localisée de type System.Drawing.Bitmap.
</summary>
</member>
<member name="P:The_Gasp.My.Resources.Resource1.rock">
<summary>
  Recherche une ressource localisée de type System.Drawing.Bitmap.
</summary>
</member>
<member name="P:The_Gasp.My.Resources.Resource1.russian">
<summary>
  Recherche une ressource localisée de type System.Drawing.Bitmap.
</summary>
</member>
<member name="P:The_Gasp.My.Resources.Resource1.suisse">
<summary>
  Recherche une ressource localisée de type System.Drawing.Bitmap.
</summary>
</member>
<member name="P:The_Gasp.My.Resources.Resource1.woman">
<summary>
  Recherche une ressource localisée de type System.Drawing.Bitmap.
</summary>
</member>
<member name="P:The_Gasp.My.Resources.Resource1.wood">
<summary>
  Recherche une ressource localisée de type System.Drawing.Bitmap.
</summary>
</member>
</members>
</doc>
